{
  "results": [
    {
      "command": "quickfall compile examples/helloWorld.qf -p win -o t.s",
      "mean": 0.0045328828955223865,
      "stddev": 0.0004930933967893705,
      "median": 0.004452022,
      "user": 0.0006063432835820895,
      "system": 0.0008395522388059701,
      "min": 0.004054322000000001,
      "max": 0.010138122000000001,
      "times": [
        0.004767922000000001,
        0.004694222000000001,
        0.004465122,
        0.004401422,
        0.004348122000000001,
        0.0043571220000000015,
        0.004288722,
        0.004358322000000001,
        0.0045892220000000004,
        0.004314322000000001,
        0.0045122220000000015,
        0.004398822,
        0.004553422000000001,
        0.004465222000000001,
        0.004624122000000001,
        0.004731622000000001,
        0.004225722000000001,
        0.004441922000000001,
        0.0044938220000000015,
        0.004444222000000001,
        0.004319422000000002,
        0.004279522000000001,
        0.004782222000000001,
        0.0045036220000000005,
        0.004277322,
        0.004220322,
        0.0044370220000000005,
        0.004418022000000001,
        0.0043041220000000005,
        0.004576722,
        0.004492122000000001,
        0.004716622,
        0.004373622000000001,
        0.004383722000000001,
        0.004262722,
        0.004474022000000001,
        0.004268122000000001,
        0.004423222000000001,
        0.0042867220000000015,
        0.004259322000000001,
        0.004228622000000001,
        0.004460622000000001,
        0.0043825220000000015,
        0.004457422000000001,
        0.004396622000000001,
        0.005072822000000001,
        0.0055283220000000004,
        0.004759122000000001,
        0.004552722,
        0.004297722,
        0.0044421220000000015,
        0.004175922,
        0.0048588220000000005,
        0.004635422,
        0.0045230220000000015,
        0.004280522,
        0.004448622000000001,
        0.004241122,
        0.004209922000000001,
        0.004703022000000001,
        0.004380322000000001,
        0.004220822000000001,
        0.004410822,
        0.0051582220000000005,
        0.005083922000000001,
        0.004854622000000001,
        0.004439322000000001,
        0.004387022000000001,
        0.004304222,
        0.004152922000000002,
        0.004525122000000001,
        0.004937122,
        0.004461322,
        0.004235322000000001,
        0.004523922000000001,
        0.004474022000000001,
        0.004408422,
        0.004543422,
        0.004467622000000001,
        0.004310922,
        0.004438122000000001,
        0.004599622000000001,
        0.004346322000000001,
        0.004358922000000001,
        0.004590922000000001,
        0.0043051220000000015,
        0.004525322,
        0.004388222000000001,
        0.0054319220000000005,
        0.004941722000000001,
        0.004768822000000001,
        0.004541922,
        0.004686822,
        0.0042645220000000015,
        0.004286522000000001,
        0.004780522000000001,
        0.004329022,
        0.004185222000000001,
        0.004450522,
        0.004315322,
        0.004498022000000001,
        0.004953422000000001,
        0.004597622000000001,
        0.004364522000000001,
        0.004251022,
        0.004531922000000001,
        0.004188622000000001,
        0.004493422,
        0.004909122,
        0.004470522000000001,
        0.004454422000000001,
        0.0045344220000000015,
        0.004421922,
        0.004417622000000001,
        0.004471822,
        0.004302422,
        0.004353122000000001,
        0.004535322000000001,
        0.004485422000000001,
        0.004417322000000001,
        0.004295422,
        0.004279622,
        0.004309722,
        0.004167022000000001,
        0.004260522000000001,
        0.004828222,
        0.0047218220000000005,
        0.004329422000000001,
        0.004086522,
        0.009946822000000001,
        0.004420722,
        0.004447822000000001,
        0.004399222000000001,
        0.004393722000000001,
        0.004394422,
        0.004544022,
        0.004396522,
        0.004441322000000001,
        0.004453122,
        0.004414622,
        0.004619022,
        0.0042559220000000005,
        0.004482822000000001,
        0.004466322,
        0.004288622000000001,
        0.004566322000000001,
        0.0044522220000000005,
        0.004625222,
        0.004386722000000001,
        0.004380122,
        0.004301422000000001,
        0.0045112220000000005,
        0.004267822000000001,
        0.004601222,
        0.004354222000000001,
        0.004894322000000001,
        0.004441922000000001,
        0.004478822,
        0.0041465220000000014,
        0.004557622000000001,
        0.004606622000000001,
        0.004854822,
        0.005107122,
        0.005751722000000001,
        0.004873822000000002,
        0.004565422000000001,
        0.004409722000000001,
        0.004563422000000001,
        0.004608722000000001,
        0.004364022,
        0.0044265220000000004,
        0.004551122000000001,
        0.004374822,
        0.004782922,
        0.004448222,
        0.004391222,
        0.004468222000000001,
        0.004258122000000001,
        0.004506522000000001,
        0.0048040220000000015,
        0.005112322000000001,
        0.005187522,
        0.004597022000000001,
        0.004467422,
        0.004424022000000001,
        0.004458522000000001,
        0.0043333220000000006,
        0.004365222,
        0.0044925220000000005,
        0.004626622,
        0.004500922000000001,
        0.004667522,
        0.004452022,
        0.004300522000000001,
        0.004306322000000001,
        0.004626922,
        0.004353222,
        0.004862722000000002,
        0.0042131220000000014,
        0.004531022000000001,
        0.004612622,
        0.004676022,
        0.0047148220000000005,
        0.004657922,
        0.004689722,
        0.004605622,
        0.004626922,
        0.004376922,
        0.004626122000000002,
        0.004767622000000001,
        0.004519622000000001,
        0.004394822000000001,
        0.004465122,
        0.0042826220000000016,
        0.004436122000000001,
        0.004933222000000001,
        0.004534222000000001,
        0.004494622,
        0.004384922000000001,
        0.004403922000000001,
        0.004324122000000001,
        0.004757422000000001,
        0.0045372220000000005,
        0.004319422000000002,
        0.004425522000000001,
        0.004521922000000001,
        0.004356922000000001,
        0.004810822000000001,
        0.004429422000000001,
        0.004338322,
        0.004630122,
        0.004359222000000001,
        0.004878722,
        0.004568722000000001,
        0.004685422000000002,
        0.004426022,
        0.004373122,
        0.004284022,
        0.004743922000000001,
        0.004548922,
        0.004584322,
        0.0044405220000000006,
        0.0042382220000000016,
        0.004471422000000001,
        0.0046187220000000005,
        0.004455322000000001,
        0.004538022000000001,
        0.004458522000000001,
        0.004278322000000001,
        0.004310122000000001,
        0.004443222,
        0.004387122,
        0.004384022000000001,
        0.004685522000000001,
        0.004241822000000001,
        0.004784722,
        0.0041871220000000015,
        0.0043016220000000015,
        0.0046187220000000005,
        0.004350122000000001,
        0.004469222,
        0.004529022000000001,
        0.004221922000000001,
        0.005071922000000001,
        0.004769122000000001,
        0.004402322,
        0.004207522,
        0.004290822000000001,
        0.004521522,
        0.004808622,
        0.004397622,
        0.004054322000000001,
        0.004337822000000002,
        0.004096122000000001,
        0.004235822,
        0.004368322000000001,
        0.005047822,
        0.004905422000000001,
        0.004433722000000001,
        0.004767422,
        0.004852922000000001,
